{
	"bloom_blooming":{
		"category": "player",
		"sounds": [
			"bloom"
		]
	},
	"bloom_bite":{
		"category": "player",
		"sounds": [
		"bloom_bite_1",
		"bloom_bite_2"
		]
	},
	"bloom_parry":{
		"category": "player",
		"sounds": [
			"bloom_intake_1",
			"bloom_intake_2"
		]
	},
	"bloom_scream":{
		"category": "player",
		"sounds": [
			"bloom_scream"
		]
	},
	"bloom_heartbeat":{
		"category": "player",
		"sounds": [
			"bloom_beat",
			"bloom_beat2",
			"bloom_beat3",
			"bloom_beat4"
		]
	},
	"bloom_hunt":{
		"category": "player",
		"sounds": [
			"bloom_hunt"
		]
	},
	"bloom_regress":{
		"category": "player",
		"sounds":[
			"bloom_regress"
		]
	}
}