{
    "name": "Rotting Blossom",
    "description": "A forever growing flower, only stopped by weeding it off to the roots.",
    "powers": [
        "rotting_blossom:parry",
        "rotting_blossom:the_hunt",
        "rotting_blossom:bite",
        "rotting_blossom:bloodied",
        "rotting_blossom:sate",
        "rotting_blossom:growth",
        "rotting_blossom:blood_level",
        "rotting_blossom:nightflower",
        "rotting_blossom:water_no_like",
        "rotting_blossom:helmet",
        "rotting_blossom:arrow_speed",
        "rotting_blossom:regress"
    ],
    "icon": {
        "item": "minecraft:fire_coral"
    },
    "impact": 3
}