{
    "name": "Gracefull Moves",
    "description": "[Passive]\nWhenever you are hit by a projectile, you get speed buff.",
    "type": "origins:multiple",
    "speed": {
        "type": "origins:self_action_when_hit",
        "damage_condition": {
            "type": "origins:projectile"
        },
        "entity_action": {
            "type": "origins:apply_effect",
            "effect": {
                "effect": "speed",
                "duration": 200,
                "amplifier": 0,
                "show_particles": true,
                "show_icon": true
            }
        },
        "cooldown": 1
    }
}