{
    "name": "Bite",
    "description": "[Passive]\nWhen not holding any items, your attacks are enhanced",
    "type": "origins:multiple",
    "sfx": {
        "condition": {
            "type": "origins:equipped_item",
            "equipment_slot": "mainhand",
            "item_condition": {
                "type": "origins:ingredient",
                "ingredient": {
                    "item": "air"
                }
            }
        },
        "type": "origins:self_action_on_hit",
        "entity_action": {
            "type": "origins:and",
            "actions": [
                {
                    "type": "origins:execute_command",
                    "command": "execute at @s run playsound minecraft:bloom_bite player @a ~ ~ ~ 0.6 1"
                },
                {
                    "type": "origins:execute_command",
                    "command": "execute at @s run particle minecraft:sweep_attack ^ ^1.25 ^1 0 0 0 0 3 normal"
                },
                {
                    "type": "origins:execute_command",
                    "command": "execute at @s run particle minecraft:sweep_attack ^ ^1 ^1 0 0 0 0 3 normal"
                },
                {
                    "type": "origins:execute_command",
                    "command": "execute at @s run particle minecraft:sweep_attack ^ ^0.75 ^1 0 0 0 0 3 normal"
                }
            ]
        },
        "cooldown": 1
    },
    "particle": {
        "type": "origins:target_action_on_hit",
        "entity_action": {
            "type": "origins:execute_command",
            "command": "execute at @s run particle minecraft:dust 1 0 0 1 ~ ~1 ~ 0.25 0.5 0.25 0 100 normal @a"
        },
        "cooldown": 1
    },
    "damage": {
        "condition": {
            "type": "origins:equipped_item",
            "equipment_slot": "mainhand",
            "item_condition": {
                "type": "origins:ingredient",
                "ingredient": {
                    "item": "air"
                }
            }
        },
        "type": "origins:conditioned_attribute",
        "modifier": {
            "attribute": "minecraft:generic.attack_damage",
            "operation": "addition",
            "value": 4,
            "name": "Bite"
        },
        "tick_rate": 2,
        "update_health": false
    },
    "speed": {
        "condition": {
            "type": "origins:equipped_item",
            "equipment_slot": "mainhand",
            "item_condition": {
                "type": "origins:ingredient",
                "ingredient": {
                    "item": "air"
                }
            }
        },
        "type": "origins:modify_attribute",
        "attribute": "minecraft:generic.attack_speed",
        "modifier": {
            "operation": "set_base",
            "value": 1.75,
            "name": "Bite"
        }
    }
}