{
    "name": "O i i a",
    "description": "e o i i i i e a e",
    "hidden": true,
    "type": "origins:multiple",
    "resource": {
        "type": "origins:resource",
        "min": 0,
        "max": 40,
        "start_value": 0,
        "hud_render": {
            "should_render": true,
            "sprite_location": "origins:textures/gui/community/spiderkolo/resource_bar_01.png",
            "bar_index": 5
        },
        "max_action": {
            "type": "origins:and",
            "actions": [
                {
                    "type": "origins:change_resource",
                    "resource": "rotting_blossom:growth_stage",
                    "change": 1,
                    "operation": "add"
                },
                {
                    "type": "origins:set_resource",
                    "resource": "rotting_blossom:blood_level_resource",
                    "value": 0
                }
            ]
        }
    },
    "hit": {
        "condition": {
            "type": "origins:equipped_item",
            "equipment_slot": "mainhand",
            "item_condition": {
                "type": "origins:ingredient",
                "ingredient": {
                    "item": "air"
                }
            }
        },
        "type": "origins:self_action_on_hit",
        "damage_condition": {
            "type": "origins:name",
            "name": "player"
        },
        "target_condition": {
            "type": "origins:living"
        },
        "entity_action": {
            "type": "origins:change_resource",
            "resource": "rotting_blossom:blood_level_resource",
            "change": 1,
            "operation": "add"
        }
    },
    "kill_no_item": {
        "condition": {
            "type": "origins:equipped_item",
            "equipment_slot": "mainhand",
            "item_condition": {
                "type": "origins:ingredient",
                "ingredient": {
                    "item": "air"
                }
            }
        },
        "type": "origins:self_action_on_kill",
        "damage_condition": {
            "type": "origins:name",
            "name": "player"
        },
        "target_condition": {
            "type": "origins:living"
        },
        "entity_action": {
            "type": "origins:if_else_list",
            "actions": [
                {
                    "condition": {
                        "type": "origins:raycast",
                        "distance": 10,
                        "block": false,
                        "entity": true,
                        "shape_type": "visual",
                        "fluid_handling": "none",
                        "hit_bientity_condition": {
                            "type": "origins:target_condition",
                            "condition": {
                                "type": "origins:attribute",
                                "attribute": "minecraft:generic.max_health",
                                "comparison": ">=",
                                "compare_to": 200
                            }
                        }
                    },
                    "action": {
                        "type": "origins:change_resource",
                        "resource": "rotting_blossom:blood_level_resource",
                        "change": 20,
                        "operation": "add"
                    }
                },
                {
                    "condition": {
                        "type": "origins:raycast",
                        "distance": 10,
                        "block": false,
                        "entity": true,
                        "shape_type": "visual",
                        "fluid_handling": "none",
                        "hit_bientity_condition": {
                            "type": "origins:target_condition",
                            "condition": {
                                "type": "origins:attribute",
                                "attribute": "minecraft:generic.max_health",
                                "comparison": ">=",
                                "compare_to": 190
                            }
                        }
                    },
                    "action": {
                        "type": "origins:change_resource",
                        "resource": "rotting_blossom:blood_level_resource",
                        "change": 19,
                        "operation": "add"
                    }
                },
                {
                    "condition": {
                        "type": "origins:raycast",
                        "distance": 10,
                        "block": false,
                        "entity": true,
                        "shape_type": "visual",
                        "fluid_handling": "none",
                        "hit_bientity_condition": {
                            "type": "origins:target_condition",
                            "condition": {
                                "type": "origins:attribute",
                                "attribute": "minecraft:generic.max_health",
                                "comparison": ">=",
                                "compare_to": 180
                            }
                        }
                    },
                    "action": {
                        "type": "origins:change_resource",
                        "resource": "rotting_blossom:blood_level_resource",
                        "change": 18,
                        "operation": "add"
                    }
                },
                {
                    "condition": {
                        "type": "origins:raycast",
                        "distance": 10,
                        "block": false,
                        "entity": true,
                        "shape_type": "visual",
                        "fluid_handling": "none",
                        "hit_bientity_condition": {
                            "type": "origins:target_condition",
                            "condition": {
                                "type": "origins:attribute",
                                "attribute": "minecraft:generic.max_health",
                                "comparison": ">=",
                                "compare_to": 170
                            }
                        }
                    },
                    "action": {
                        "type": "origins:change_resource",
                        "resource": "rotting_blossom:blood_level_resource",
                        "change": 17,
                        "operation": "add"
                    }
                },
                {
                    "condition": {
                        "type": "origins:raycast",
                        "distance": 10,
                        "block": false,
                        "entity": true,
                        "shape_type": "visual",
                        "fluid_handling": "none",
                        "hit_bientity_condition": {
                            "type": "origins:target_condition",
                            "condition": {
                                "type": "origins:attribute",
                                "attribute": "minecraft:generic.max_health",
                                "comparison": ">=",
                                "compare_to": 160
                            }
                        }
                    },
                    "action": {
                        "type": "origins:change_resource",
                        "resource": "rotting_blossom:blood_level_resource",
                        "change": 16,
                        "operation": "add"
                    }
                },
                {
                    "condition": {
                        "type": "origins:raycast",
                        "distance": 10,
                        "block": false,
                        "entity": true,
                        "shape_type": "visual",
                        "fluid_handling": "none",
                        "hit_bientity_condition": {
                            "type": "origins:target_condition",
                            "condition": {
                                "type": "origins:attribute",
                                "attribute": "minecraft:generic.max_health",
                                "comparison": ">=",
                                "compare_to": 150
                            }
                        }
                    },
                    "action": {
                        "type": "origins:change_resource",
                        "resource": "rotting_blossom:blood_level_resource",
                        "change": 15,
                        "operation": "add"
                    }
                },
                {
                    "condition": {
                        "type": "origins:raycast",
                        "distance": 10,
                        "block": false,
                        "entity": true,
                        "shape_type": "visual",
                        "fluid_handling": "none",
                        "hit_bientity_condition": {
                            "type": "origins:target_condition",
                            "condition": {
                                "type": "origins:attribute",
                                "attribute": "minecraft:generic.max_health",
                                "comparison": ">=",
                                "compare_to": 140
                            }
                        }
                    },
                    "action": {
                        "type": "origins:change_resource",
                        "resource": "rotting_blossom:blood_level_resource",
                        "change": 14,
                        "operation": "add"
                    }
                },
                {
                    "condition": {
                        "type": "origins:raycast",
                        "distance": 10,
                        "block": false,
                        "entity": true,
                        "shape_type": "visual",
                        "fluid_handling": "none",
                        "hit_bientity_condition": {
                            "type": "origins:target_condition",
                            "condition": {
                                "type": "origins:attribute",
                                "attribute": "minecraft:generic.max_health",
                                "comparison": ">=",
                                "compare_to": 130
                            }
                        }
                    },
                    "action": {
                        "type": "origins:change_resource",
                        "resource": "rotting_blossom:blood_level_resource",
                        "change": 13,
                        "operation": "add"
                    }
                },
                {
                    "condition": {
                        "type": "origins:raycast",
                        "distance": 10,
                        "block": false,
                        "entity": true,
                        "shape_type": "visual",
                        "fluid_handling": "none",
                        "hit_bientity_condition": {
                            "type": "origins:target_condition",
                            "condition": {
                                "type": "origins:attribute",
                                "attribute": "minecraft:generic.max_health",
                                "comparison": ">=",
                                "compare_to": 120
                            }
                        }
                    },
                    "action": {
                        "type": "origins:change_resource",
                        "resource": "rotting_blossom:blood_level_resource",
                        "change": 12,
                        "operation": "add"
                    }
                },
                {
                    "condition": {
                        "type": "origins:raycast",
                        "distance": 10,
                        "block": false,
                        "entity": true,
                        "shape_type": "visual",
                        "fluid_handling": "none",
                        "hit_bientity_condition": {
                            "type": "origins:target_condition",
                            "condition": {
                                "type": "origins:attribute",
                                "attribute": "minecraft:generic.max_health",
                                "comparison": ">=",
                                "compare_to": 110
                            }
                        }
                    },
                    "action": {
                        "type": "origins:change_resource",
                        "resource": "rotting_blossom:blood_level_resource",
                        "change": 11,
                        "operation": "add"
                    }
                },
                {
                    "condition": {
                        "type": "origins:raycast",
                        "distance": 10,
                        "block": false,
                        "entity": true,
                        "shape_type": "visual",
                        "fluid_handling": "none",
                        "hit_bientity_condition": {
                            "type": "origins:target_condition",
                            "condition": {
                                "type": "origins:attribute",
                                "attribute": "minecraft:generic.max_health",
                                "comparison": ">=",
                                "compare_to": 100
                            }
                        }
                    },
                    "action": {
                        "type": "origins:change_resource",
                        "resource": "rotting_blossom:blood_level_resource",
                        "change": 10,
                        "operation": "add"
                    }
                },
                {
                    "condition": {
                        "type": "origins:raycast",
                        "distance": 10,
                        "block": false,
                        "entity": true,
                        "shape_type": "visual",
                        "fluid_handling": "none",
                        "hit_bientity_condition": {
                            "type": "origins:target_condition",
                            "condition": {
                                "type": "origins:attribute",
                                "attribute": "minecraft:generic.max_health",
                                "comparison": ">=",
                                "compare_to": 90
                            }
                        }
                    },
                    "action": {
                        "type": "origins:change_resource",
                        "resource": "rotting_blossom:blood_level_resource",
                        "change": 9,
                        "operation": "add"
                    }
                },
                {
                    "condition": {
                        "type": "origins:raycast",
                        "distance": 10,
                        "block": false,
                        "entity": true,
                        "shape_type": "visual",
                        "fluid_handling": "none",
                        "hit_bientity_condition": {
                            "type": "origins:target_condition",
                            "condition": {
                                "type": "origins:attribute",
                                "attribute": "minecraft:generic.max_health",
                                "comparison": ">=",
                                "compare_to": 80
                            }
                        }
                    },
                    "action": {
                        "type": "origins:change_resource",
                        "resource": "rotting_blossom:blood_level_resource",
                        "change": 8,
                        "operation": "add"
                    }
                },
                {
                    "condition": {
                        "type": "origins:raycast",
                        "distance": 10,
                        "block": false,
                        "entity": true,
                        "shape_type": "visual",
                        "fluid_handling": "none",
                        "hit_bientity_condition": {
                            "type": "origins:target_condition",
                            "condition": {
                                "type": "origins:attribute",
                                "attribute": "minecraft:generic.max_health",
                                "comparison": ">=",
                                "compare_to": 70
                            }
                        }
                    },
                    "action": {
                        "type": "origins:change_resource",
                        "resource": "rotting_blossom:blood_level_resource",
                        "change": 7,
                        "operation": "add"
                    }
                },
                {
                    "condition": {
                        "type": "origins:raycast",
                        "distance": 10,
                        "block": false,
                        "entity": true,
                        "shape_type": "visual",
                        "fluid_handling": "none",
                        "hit_bientity_condition": {
                            "type": "origins:target_condition",
                            "condition": {
                                "type": "origins:attribute",
                                "attribute": "minecraft:generic.max_health",
                                "comparison": ">=",
                                "compare_to": 60
                            }
                        }
                    },
                    "action": {
                        "type": "origins:change_resource",
                        "resource": "rotting_blossom:blood_level_resource",
                        "change": 6,
                        "operation": "add"
                    }
                },
                {
                    "condition": {
                        "type": "origins:raycast",
                        "distance": 10,
                        "block": false,
                        "entity": true,
                        "shape_type": "visual",
                        "fluid_handling": "none",
                        "hit_bientity_condition": {
                            "type": "origins:target_condition",
                            "condition": {
                                "type": "origins:attribute",
                                "attribute": "minecraft:generic.max_health",
                                "comparison": ">=",
                                "compare_to": 50
                            }
                        }
                    },
                    "action": {
                        "type": "origins:change_resource",
                        "resource": "rotting_blossom:blood_level_resource",
                        "change": 5,
                        "operation": "add"
                    }
                },
                {
                    "condition": {
                        "type": "origins:raycast",
                        "distance": 10,
                        "block": false,
                        "entity": true,
                        "shape_type": "visual",
                        "fluid_handling": "none",
                        "hit_bientity_condition": {
                            "type": "origins:target_condition",
                            "condition": {
                                "type": "origins:attribute",
                                "attribute": "minecraft:generic.max_health",
                                "comparison": ">=",
                                "compare_to": 40
                            }
                        }
                    },
                    "action": {
                        "type": "origins:change_resource",
                        "resource": "rotting_blossom:blood_level_resource",
                        "change": 4,
                        "operation": "add"
                    }
                },
                {
                    "condition": {
                        "type": "origins:raycast",
                        "distance": 10,
                        "block": false,
                        "entity": true,
                        "shape_type": "visual",
                        "fluid_handling": "none",
                        "hit_bientity_condition": {
                            "type": "origins:target_condition",
                            "condition": {
                                "type": "origins:attribute",
                                "attribute": "minecraft:generic.max_health",
                                "comparison": ">=",
                                "compare_to": 30
                            }
                        }
                    },
                    "action": {
                        "type": "origins:change_resource",
                        "resource": "rotting_blossom:blood_level_resource",
                        "change": 3,
                        "operation": "add"
                    }
                },
                {
                    "condition": {
                        "type": "origins:raycast",
                        "distance": 10,
                        "block": false,
                        "entity": true,
                        "shape_type": "visual",
                        "fluid_handling": "none",
                        "hit_bientity_condition": {
                            "type": "origins:target_condition",
                            "condition": {
                                "type": "origins:attribute",
                                "attribute": "minecraft:generic.max_health",
                                "comparison": ">=",
                                "compare_to": 20
                            }
                        }
                    },
                    "action": {
                        "type": "origins:change_resource",
                        "resource": "rotting_blossom:blood_level_resource",
                        "change": 2,
                        "operation": "add"
                    }
                },
                {
                    "condition": {
                        "type": "origins:raycast",
                        "distance": 10,
                        "block": false,
                        "entity": true,
                        "shape_type": "visual",
                        "fluid_handling": "none",
                        "hit_bientity_condition": {
                            "type": "origins:target_condition",
                            "condition": {
                                "type": "origins:attribute",
                                "attribute": "minecraft:generic.max_health",
                                "comparison": ">=",
                                "compare_to": 10
                            }
                        }
                    },
                    "action": {
                        "type": "origins:change_resource",
                        "resource": "rotting_blossom:blood_level_resource",
                        "change": 1,
                        "operation": "add"
                    }
                },
                {
                    "condition": {
                        "type": "origins:exists"
                    },
                    "action": {
                        "type": "origins:nothing"
                    }
                }
            ]
        },
        "cooldown": 1
    },
    "kill_item": {
        "condition": {
            "type": "origins:equipped_item",
            "equipment_slot": "mainhand",
            "item_condition": {
                "inverted": true,
                "type": "origins:ingredient",
                "ingredient": {
                    "item": "air"
                }
            }
        },
        "type": "origins:self_action_on_kill",
        "damage_condition": {
            "type": "origins:name",
            "name": "player"
        },
        "target_condition": {
            "type": "origins:living"
        },
        "entity_action": {
            "type": "origins:if_else_list",
            "actions": [
                {
                    "condition": {
                        "type": "origins:raycast",
                        "distance": 10,
                        "block": false,
                        "entity": true,
                        "shape_type": "visual",
                        "fluid_handling": "none",
                        "hit_bientity_condition": {
                            "type": "origins:target_condition",
                            "condition": {
                                "type": "origins:attribute",
                                "attribute": "minecraft:generic.max_health",
                                "comparison": ">=",
                                "compare_to": 200
                            }
                        }
                    },
                    "action": {
                        "type": "origins:change_resource",
                        "resource": "rotting_blossom:blood_level_resource",
                        "change": 10,
                        "operation": "add"
                    }
                },
                {
                    "condition": {
                        "type": "origins:raycast",
                        "distance": 10,
                        "block": false,
                        "entity": true,
                        "shape_type": "visual",
                        "fluid_handling": "none",
                        "hit_bientity_condition": {
                            "type": "origins:target_condition",
                            "condition": {
                                "type": "origins:attribute",
                                "attribute": "minecraft:generic.max_health",
                                "comparison": ">=",
                                "compare_to": 180
                            }
                        }
                    },
                    "action": {
                        "type": "origins:change_resource",
                        "resource": "rotting_blossom:blood_level_resource",
                        "change": 9,
                        "operation": "add"
                    }
                },
                {
                    "condition": {
                        "type": "origins:raycast",
                        "distance": 10,
                        "block": false,
                        "entity": true,
                        "shape_type": "visual",
                        "fluid_handling": "none",
                        "hit_bientity_condition": {
                            "type": "origins:target_condition",
                            "condition": {
                                "type": "origins:attribute",
                                "attribute": "minecraft:generic.max_health",
                                "comparison": ">=",
                                "compare_to": 160
                            }
                        }
                    },
                    "action": {
                        "type": "origins:change_resource",
                        "resource": "rotting_blossom:blood_level_resource",
                        "change": 8,
                        "operation": "add"
                    }
                },
                {
                    "condition": {
                        "type": "origins:raycast",
                        "distance": 10,
                        "block": false,
                        "entity": true,
                        "shape_type": "visual",
                        "fluid_handling": "none",
                        "hit_bientity_condition": {
                            "type": "origins:target_condition",
                            "condition": {
                                "type": "origins:attribute",
                                "attribute": "minecraft:generic.max_health",
                                "comparison": ">=",
                                "compare_to": 140
                            }
                        }
                    },
                    "action": {
                        "type": "origins:change_resource",
                        "resource": "rotting_blossom:blood_level_resource",
                        "change": 7,
                        "operation": "add"
                    }
                },
                {
                    "condition": {
                        "type": "origins:raycast",
                        "distance": 10,
                        "block": false,
                        "entity": true,
                        "shape_type": "visual",
                        "fluid_handling": "none",
                        "hit_bientity_condition": {
                            "type": "origins:target_condition",
                            "condition": {
                                "type": "origins:attribute",
                                "attribute": "minecraft:generic.max_health",
                                "comparison": ">=",
                                "compare_to": 120
                            }
                        }
                    },
                    "action": {
                        "type": "origins:change_resource",
                        "resource": "rotting_blossom:blood_level_resource",
                        "change": 6,
                        "operation": "add"
                    }
                },
                {
                    "condition": {
                        "type": "origins:raycast",
                        "distance": 10,
                        "block": false,
                        "entity": true,
                        "shape_type": "visual",
                        "fluid_handling": "none",
                        "hit_bientity_condition": {
                            "type": "origins:target_condition",
                            "condition": {
                                "type": "origins:attribute",
                                "attribute": "minecraft:generic.max_health",
                                "comparison": ">=",
                                "compare_to": 100
                            }
                        }
                    },
                    "action": {
                        "type": "origins:change_resource",
                        "resource": "rotting_blossom:blood_level_resource",
                        "change": 5,
                        "operation": "add"
                    }
                },
                {
                    "condition": {
                        "type": "origins:raycast",
                        "distance": 10,
                        "block": false,
                        "entity": true,
                        "shape_type": "visual",
                        "fluid_handling": "none",
                        "hit_bientity_condition": {
                            "type": "origins:target_condition",
                            "condition": {
                                "type": "origins:attribute",
                                "attribute": "minecraft:generic.max_health",
                                "comparison": ">=",
                                "compare_to": 80
                            }
                        }
                    },
                    "action": {
                        "type": "origins:change_resource",
                        "resource": "rotting_blossom:blood_level_resource",
                        "change": 4,
                        "operation": "add"
                    }
                },
                {
                    "condition": {
                        "type": "origins:raycast",
                        "distance": 10,
                        "block": false,
                        "entity": true,
                        "shape_type": "visual",
                        "fluid_handling": "none",
                        "hit_bientity_condition": {
                            "type": "origins:target_condition",
                            "condition": {
                                "type": "origins:attribute",
                                "attribute": "minecraft:generic.max_health",
                                "comparison": ">=",
                                "compare_to": 60
                            }
                        }
                    },
                    "action": {
                        "type": "origins:change_resource",
                        "resource": "rotting_blossom:blood_level_resource",
                        "change": 3,
                        "operation": "add"
                    }
                },
                {
                    "condition": {
                        "type": "origins:raycast",
                        "distance": 10,
                        "block": false,
                        "entity": true,
                        "shape_type": "visual",
                        "fluid_handling": "none",
                        "hit_bientity_condition": {
                            "type": "origins:target_condition",
                            "condition": {
                                "type": "origins:attribute",
                                "attribute": "minecraft:generic.max_health",
                                "comparison": ">=",
                                "compare_to": 40
                            }
                        }
                    },
                    "action": {
                        "type": "origins:change_resource",
                        "resource": "rotting_blossom:blood_level_resource",
                        "change": 2,
                        "operation": "add"
                    }
                },
                {
                    "condition": {
                        "type": "origins:raycast",
                        "distance": 10,
                        "block": false,
                        "entity": true,
                        "shape_type": "visual",
                        "fluid_handling": "none",
                        "hit_bientity_condition": {
                            "type": "origins:target_condition",
                            "condition": {
                                "type": "origins:attribute",
                                "attribute": "minecraft:generic.max_health",
                                "comparison": ">=",
                                "compare_to": 20
                            }
                        }
                    },
                    "action": {
                        "type": "origins:change_resource",
                        "resource": "rotting_blossom:blood_level_resource",
                        "change": 1,
                        "operation": "add"
                    }
                },
                {
                    "condition": {
                        "type": "origins:exists"
                    },
                    "action": {
                        "type": "origins:nothing"
                    }
                }
            ]
        },
        "cooldown": 1
    },
    "callback": {
        "type": "origins:action_on_callback",
        "execute_chosen_when_orb": true,
        "entity_action_respawned": {
            "type": "origins:set_resource",
            "resource": "rotting_blossom:blood_level_resource",
            "value": 0
        }
    }
}