{
    "name": "The J",
    "description": "Skidaddle",
    "hidden": true,
    "type": "origins:multiple",
    "color": {
        "condition": {
            "type": "origins:resource",
            "resource": "rotting_blossom:the_hunt_state",
            "comparison": "!=",
            "compare_to": 1
        },
        "type": "origins:model_color",
        "red": 1,
        "green": 0,
        "blue": 0,
        "alpha": 1
    },
    "stink_aura_1": {
        "condition": {
            "type": "origins:and",
            "conditions": [
                {
                    "type": "origins:resource",
                    "resource": "rotting_blossom:growth_stage",
                    "comparison": "<",
                    "compare_to": 12
                },
                {
                    "type": "origins:equipped_item",
                    "equipment_slot": "head",
                    "item_condition": {
                        "inverted": true,
                        "type": "origins:ingredient",
                        "ingredient": {
                            "tag": "rotting_blossom:full_helmet"
                        }
                    }
                }
            ]
        },
        "type": "origins:particle",
        "particle": {
            "type": "minecraft:dust",
            "params": "1 0 0 0.3"
        },
        "frequency": 1,
        "count": 1,
        "speed": 0,
        "spread": {
            "x": 0.12,
            "y": 0,
            "z": 0.12
        },
        "offset_y": 1.2
    },
    "stink_aura_2": {
        "condition": {
            "type": "origins:and",
            "conditions": [
                {
                    "type": "origins:resource",
                    "resource": "rotting_blossom:growth_stage",
                    "comparison": ">=",
                    "compare_to": 12
                },
                {
                    "type": "origins:resource",
                    "resource": "rotting_blossom:growth_stage",
                    "comparison": "<",
                    "compare_to": 17
                },
                {
                    "type": "origins:equipped_item",
                    "equipment_slot": "head",
                    "item_condition": {
                        "inverted": true,
                        "type": "origins:ingredient",
                        "ingredient": {
                            "tag": "rotting_blossom:full_helmet"
                        }
                    }
                }
            ]
        },
        "type": "origins:particle",
        "particle": {
            "type": "minecraft:dust",
            "params": "1 0 0 0.35"
        },
        "frequency": 1,
        "count": 1,
        "speed": 0,
        "spread": {
            "x": 0.175,
            "y": 0,
            "z": 0.175
        },
        "offset_y": 1.4
    },
    "stink_aura_3": {
        "condition": {
            "type": "origins:and",
            "conditions": [
                {
                    "type": "origins:resource",
                    "resource": "rotting_blossom:growth_stage",
                    "comparison": ">=",
                    "compare_to": 17
                },
                {
                    "type": "origins:resource",
                    "resource": "rotting_blossom:growth_stage",
                    "comparison": "<",
                    "compare_to": 23
                },
                {
                    "type": "origins:equipped_item",
                    "equipment_slot": "head",
                    "item_condition": {
                        "inverted": true,
                        "type": "origins:ingredient",
                        "ingredient": {
                            "tag": "rotting_blossom:full_helmet"
                        }
                    }
                }
            ]
        },
        "type": "origins:particle",
        "particle": {
            "type": "minecraft:dust",
            "params": "1 0 0 0.4"
        },
        "frequency": 1,
        "count": 1,
        "speed": 0,
        "spread": {
            "x": 0.2,
            "y": 0,
            "z": 0.2
        },
        "offset_y": 1.6
    },
    "stink_aura_4": {
        "condition": {
            "type": "origins:and",
            "conditions": [
                {
                    "type": "origins:resource",
                    "resource": "rotting_blossom:growth_stage",
                    "comparison": ">=",
                    "compare_to": 23
                },
                {
                    "type": "origins:resource",
                    "resource": "rotting_blossom:growth_stage",
                    "comparison": "<",
                    "compare_to": 28
                },
                {
                    "type": "origins:equipped_item",
                    "equipment_slot": "head",
                    "item_condition": {
                        "inverted": true,
                        "type": "origins:ingredient",
                        "ingredient": {
                            "tag": "rotting_blossom:full_helmet"
                        }
                    }
                }
            ]
        },
        "type": "origins:particle",
        "particle": {
            "type": "minecraft:dust",
            "params": "1 0 0 0.45"
        },
        "frequency": 1,
        "count": 1,
        "speed": 0,
        "spread": {
            "x": 0.225,
            "y": 0,
            "z": 0.225
        },
        "offset_y": 1.8
    },
    "stink_aura_5": {
        "condition": {
            "type": "origins:and",
            "conditions": [
                {
                    "type": "origins:resource",
                    "resource": "rotting_blossom:growth_stage",
                    "comparison": ">=",
                    "compare_to": 28
                },
                {
                    "type": "origins:resource",
                    "resource": "rotting_blossom:growth_stage",
                    "comparison": "<",
                    "compare_to": 34
                },
                {
                    "type": "origins:equipped_item",
                    "equipment_slot": "head",
                    "item_condition": {
                        "inverted": true,
                        "type": "origins:ingredient",
                        "ingredient": {
                            "tag": "rotting_blossom:full_helmet"
                        }
                    }
                }
            ]
        },
        "type": "origins:particle",
        "particle": {
            "type": "minecraft:dust",
            "params": "1 0 0 0.5"
        },
        "frequency": 1,
        "count": 1,
        "speed": 0,
        "spread": {
            "x": 0.25,
            "y": 0,
            "z": 0.25
        },
        "offset_y": 2
    },
    "stink_aura_6": {
        "condition": {
            "type": "origins:and",
            "conditions": [
                {
                    "type": "origins:resource",
                    "resource": "rotting_blossom:growth_stage",
                    "comparison": ">=",
                    "compare_to": 34
                },
                {
                    "type": "origins:resource",
                    "resource": "rotting_blossom:growth_stage",
                    "comparison": "<",
                    "compare_to": 40
                },
                {
                    "type": "origins:equipped_item",
                    "equipment_slot": "head",
                    "item_condition": {
                        "inverted": true,
                        "type": "origins:ingredient",
                        "ingredient": {
                            "tag": "rotting_blossom:full_helmet"
                        }
                    }
                }
            ]
        },
        "type": "origins:particle",
        "particle": {
            "type": "minecraft:dust",
            "params": "1 0 0 0.55"
        },
        "frequency": 1,
        "count": 1,
        "speed": 0,
        "spread": {
            "x": 0.275,
            "y": 0,
            "z": 0.275
        },
        "offset_y": 2.2
    },
    "stink_aura_7": {
        "condition": {
            "type": "origins:and",
            "conditions": [
                {
                    "type": "origins:resource",
                    "resource": "rotting_blossom:growth_stage",
                    "comparison": ">=",
                    "compare_to": 40
                },
                {
                    "type": "origins:resource",
                    "resource": "rotting_blossom:growth_stage",
                    "comparison": "<",
                    "compare_to": 45
                },
                {
                    "type": "origins:equipped_item",
                    "equipment_slot": "head",
                    "item_condition": {
                        "inverted": true,
                        "type": "origins:ingredient",
                        "ingredient": {
                            "tag": "rotting_blossom:full_helmet"
                        }
                    }
                }
            ]
        },
        "type": "origins:particle",
        "particle": {
            "type": "minecraft:dust",
            "params": "1 0 0 0.6"
        },
        "frequency": 1,
        "count": 1,
        "speed": 0,
        "spread": {
            "x": 0.3,
            "y": 0,
            "z": 0.3
        },
        "offset_y": 2.4
    },
    "stink_aura_8": {
        "condition": {
            "type": "origins:and",
            "conditions": [
                {
                    "type": "origins:resource",
                    "resource": "rotting_blossom:growth_stage",
                    "comparison": ">=",
                    "compare_to": 45
                },
                {
                    "type": "origins:resource",
                    "resource": "rotting_blossom:growth_stage",
                    "comparison": "<",
                    "compare_to": 51
                },
                {
                    "type": "origins:equipped_item",
                    "equipment_slot": "head",
                    "item_condition": {
                        "inverted": true,
                        "type": "origins:ingredient",
                        "ingredient": {
                            "tag": "rotting_blossom:full_helmet"
                        }
                    }
                }
            ]
        },
        "type": "origins:particle",
        "particle": {
            "type": "minecraft:dust",
            "params": "1 0 0 0.65"
        },
        "frequency": 1,
        "count": 1,
        "speed": 0,
        "spread": {
            "x": 0.325,
            "y": 0,
            "z": 0.325
        },
        "offset_y": 2.6
    },
    "stink_aura_9": {
        "condition": {
            "type": "origins:and",
            "conditions": [
                {
                    "type": "origins:resource",
                    "resource": "rotting_blossom:growth_stage",
                    "comparison": ">=",
                    "compare_to": 51
                },
                {
                    "type": "origins:resource",
                    "resource": "rotting_blossom:growth_stage",
                    "comparison": "<",
                    "compare_to": 56
                },
                {
                    "type": "origins:equipped_item",
                    "equipment_slot": "head",
                    "item_condition": {
                        "inverted": true,
                        "type": "origins:ingredient",
                        "ingredient": {
                            "tag": "rotting_blossom:full_helmet"
                        }
                    }
                }
            ]
        },
        "type": "origins:particle",
        "particle": {
            "type": "minecraft:dust",
            "params": "1 0 0 0.7"
        },
        "frequency": 1,
        "count": 1,
        "speed": 0,
        "spread": {
            "x": 0.35,
            "y": 0,
            "z": 0.35
        },
        "offset_y": 2.8
    },
    "stink_aura_10": {
        "condition": {
            "type": "origins:and",
            "conditions": [
                {
                    "type": "origins:resource",
                    "resource": "rotting_blossom:growth_stage",
                    "comparison": "==",
                    "compare_to": 56
                },
                {
                    "type": "origins:equipped_item",
                    "equipment_slot": "head",
                    "item_condition": {
                        "inverted": true,
                        "type": "origins:ingredient",
                        "ingredient": {
                            "tag": "rotting_blossom:full_helmet"
                        }
                    }
                }
            ]
        },
        "type": "origins:particle",
        "particle": {
            "type": "minecraft:dust",
            "params": "1 0 0 0.75"
        },
        "frequency": 1,
        "count": 1,
        "speed": 0,
        "spread": {
            "x": 0.4,
            "y": 0,
            "z": 0.4
        },
        "offset_y": 3
    }
}