{
    "name": "Never Ending Growth",
    "description": "[Scaling]\nYou start with 2 hearts, but that amount increases as fill your blood bar",
    "type": "origins:multiple",
    "start": {
        "type": "origins:attribute",
        "modifier": {
            "attribute": "minecraft:generic.max_health",
            "operation": "addition",
            "value": -16,
            "name": "Growth"
        },
        "update_health": true
    },
    "stage": {
        "type": "origins:resource",
        "min": 0,
        "max": 56,
        "start_value": 0
    },
    "stage_health": {
        "type": "origins:modify_attribute",
        "attribute": "minecraft:generic.max_health",
        "modifier": {
            "operation": "add_base_early",
            "value": 0,
            "resource": "rotting_blossom:growth_stage",
            "name": "Growth"
        }
    },
    "size": {
        "type": "origins:action_over_time",
        "interval": 5,
        "entity_action": {
            "type": "origins:if_else_list",
            "actions": [
                {
                    "condition": {
                        "type": "origins:and",
                        "conditions": [
                            {
                                "type": "origins:resource",
                                "resource": "rotting_blossom:growth_stage",
                                "comparison": ">=",
                                "compare_to": 56
                            }
                        ]
                    },
                    "action": {
                        "type": "origins:and",
                        "actions": [
                            {
                                "type": "origins:execute_command",
                                "command": "scale set pehkui:height 1.5 @s"
                            },
                            {
                                "type": "origins:execute_command",
                                "command": "scale set pehkui:width 1.5 @s"
                            }
                        ]
                    }
                },
                {
                    "condition": {
                        "type": "origins:and",
                        "conditions": [
                            {
                                "type": "origins:resource",
                                "resource": "rotting_blossom:growth_stage",
                                "comparison": ">=",
                                "compare_to": 51
                            }
                        ]
                    },
                    "action": {
                        "type": "origins:and",
                        "actions": [
                            {
                                "type": "origins:execute_command",
                                "command": "scale set pehkui:height 1.4 @s"
                            },
                            {
                                "type": "origins:execute_command",
                                "command": "scale set pehkui:width 1.4 @s"
                            }
                        ]
                    }
                },
                {
                    "condition": {
                        "type": "origins:and",
                        "conditions": [
                            {
                                "type": "origins:resource",
                                "resource": "rotting_blossom:growth_stage",
                                "comparison": ">=",
                                "compare_to": 45
                            }
                        ]
                    },
                    "action": {
                        "type": "origins:and",
                        "actions": [
                            {
                                "type": "origins:execute_command",
                                "command": "scale set pehkui:height 1.3 @s"
                            },
                            {
                                "type": "origins:execute_command",
                                "command": "scale set pehkui:width 1.3 @s"
                            }
                        ]
                    }
                },
                {
                    "condition": {
                        "type": "origins:and",
                        "conditions": [
                            {
                                "type": "origins:resource",
                                "resource": "rotting_blossom:growth_stage",
                                "comparison": ">=",
                                "compare_to": 40
                            }
                        ]
                    },
                    "action": {
                        "type": "origins:and",
                        "actions": [
                            {
                                "type": "origins:execute_command",
                                "command": "scale set pehkui:height 1.2 @s"
                            },
                            {
                                "type": "origins:execute_command",
                                "command": "scale set pehkui:width 1.2 @s"
                            }
                        ]
                    }
                },
                {
                    "condition": {
                        "type": "origins:and",
                        "conditions": [
                            {
                                "type": "origins:resource",
                                "resource": "rotting_blossom:growth_stage",
                                "comparison": ">=",
                                "compare_to": 34
                            }
                        ]
                    },
                    "action": {
                        "type": "origins:and",
                        "actions": [
                            {
                                "type": "origins:execute_command",
                                "command": "scale set pehkui:height 1.1 @s"
                            },
                            {
                                "type": "origins:execute_command",
                                "command": "scale set pehkui:width 1.1 @s"
                            }
                        ]
                    }
                },
                {
                    "condition": {
                        "type": "origins:and",
                        "conditions": [
                            {
                                "type": "origins:resource",
                                "resource": "rotting_blossom:growth_stage",
                                "comparison": ">=",
                                "compare_to": 28
                            }
                        ]
                    },
                    "action": {
                        "type": "origins:and",
                        "actions": [
                            {
                                "type": "origins:execute_command",
                                "command": "scale set pehkui:height 1 @s"
                            },
                            {
                                "type": "origins:execute_command",
                                "command": "scale set pehkui:width 1 @s"
                            }
                        ]
                    }
                },
                {
                    "condition": {
                        "type": "origins:and",
                        "conditions": [
                            {
                                "type": "origins:resource",
                                "resource": "rotting_blossom:growth_stage",
                                "comparison": ">=",
                                "compare_to": 23
                            }
                        ]
                    },
                    "action": {
                        "type": "origins:and",
                        "actions": [
                            {
                                "type": "origins:execute_command",
                                "command": "scale set pehkui:height 0.9 @s"
                            },
                            {
                                "type": "origins:execute_command",
                                "command": "scale set pehkui:width 0.9 @s"
                            }
                        ]
                    }
                },
                {
                    "condition": {
                        "type": "origins:and",
                        "conditions": [
                            {
                                "type": "origins:resource",
                                "resource": "rotting_blossom:growth_stage",
                                "comparison": ">=",
                                "compare_to": 17
                            }
                        ]
                    },
                    "action": {
                        "type": "origins:and",
                        "actions": [
                            {
                                "type": "origins:execute_command",
                                "command": "scale set pehkui:height 0.8 @s"
                            },
                            {
                                "type": "origins:execute_command",
                                "command": "scale set pehkui:width 0.8 @s"
                            }
                        ]
                    }
                },
                {
                    "condition": {
                        "type": "origins:and",
                        "conditions": [
                            {
                                "type": "origins:resource",
                                "resource": "rotting_blossom:growth_stage",
                                "comparison": ">=",
                                "compare_to": 12
                            }
                        ]
                    },
                    "action": {
                        "type": "origins:and",
                        "actions": [
                            {
                                "type": "origins:execute_command",
                                "command": "scale set pehkui:height 0.7 @s"
                            },
                            {
                                "type": "origins:execute_command",
                                "command": "scale set pehkui:width 0.7 @s"
                            }
                        ]
                    }
                },
                {
                    "condition": {
                        "type": "origins:exists"
                    },
                    "action": {
                        "type": "origins:and",
                        "actions": [
                            {
                                "type": "origins:execute_command",
                                "command": "scale set pehkui:height 0.6 @s"
                            },
                            {
                                "type": "origins:execute_command",
                                "command": "scale set pehkui:width 0.6 @s"
                            }
                        ]
                    }
                }
            ]
        }
    },
    "callback": {
        "type": "origins:action_on_callback",
        "execute_chosen_when_orb": true,
        "entity_action_lost": {
            "type": "origins:and",
            "actions": [
                {
                    "type": "origins:execute_command",
                    "command": "scale set pehkui:height 1 @s"
                },
                {
                    "type": "origins:execute_command",
                    "command": "scale set pehkui:width 1 @s"
                }
            ]
        },
        "entity_action_respawned": {
            "type": "origins:set_resource",
            "resource": "rotting_blossom:growth_stage",
            "value": 0
        }
    }
}