{
    "name": "Flower's Pride",
    "description": "[Passive]\nWhen you wear anything that covers your head, you get major debuffs",
    "type": "origins:multiple",
    "effects": {
        "condition": {
            "type": "origins:equipped_item",
            "equipment_slot": "head",
            "item_condition": {
                "type": "origins:ingredient",
                "ingredient": {
                    "tag": "rotting_blossom:full_helmet"
                }
            }
        },
        "type": "origins:stacking_status_effect",
        "min_stacks": 0,
        "max_stacks": 200,
        "duration_per_stack": 1,
        "tick_rate": 1,
        "effects": [
            {
                "effect": "slowness",
                "duration": 100,
                "amplifier": 2,
                "is_ambient": true,
                "show_particles": false,
                "show_icon": false
            },
            {
                "effect": "weakness",
                "duration": 100,
                "amplifier": 0,
                "is_ambient": true,
                "show_particles": false,
                "show_icon": false
            },
            {
                "effect": "blindness",
                "duration": 100,
                "amplifier": 0,
                "is_ambient": true,
                "show_particles": false,
                "show_icon": false
            }
        ]
    },
    "shaky": {
        "condition": {
            "type": "origins:equipped_item",
            "equipment_slot": "head",
            "item_condition": {
                "type": "origins:ingredient",
                "ingredient": {
                    "tag": "rotting_blossom:full_helmet"
                }
            }
        },
        "type": "origins:shaking"
    }
}