{
    "name": "Night Child",
    "description": "[Passive]\nYou like moonlight, but you absolutely dislike sunlight. You regenerate health only under moonligh and you get hunger at sunlight",
    "type": "origins:multiple",
    "moon": {
        "condition": {
            "inverted": true,
            "type": "origins:and",
            "conditions": [
                {
                    "type": "origins:and",
                    "conditions": [
                        {
                            "type": "origins:exposed_to_sky"
                        },
                        {
                            "inverted": true,
                            "type": "origins:daytime"
                        }
                    ]
                },
                {
                    "inverted": true,
                    "type": "origins:equipped_item",
                    "equipment_slot": "head",
                    "item_condition": {
                        "type": "origins:ingredient",
                        "ingredient": {
                            "tag": "rotting_blossom:full_helmet"
                        }
                    }
                }
            ]
        },
        "type": "origins:disable_regen"
    },
    "moon_res": {
        "condition": {
            "inverted": true,
            "type": "origins:and",
            "conditions": [
                {
                    "type": "origins:and",
                    "conditions": [
                        {
                            "type": "origins:exposed_to_sky"
                        },
                        {
                            "inverted": true,
                            "type": "origins:daytime"
                        }
                    ]
                },
                {
                    "inverted": true,
                    "type": "origins:equipped_item",
                    "equipment_slot": "head",
                    "item_condition": {
                        "type": "origins:ingredient",
                        "ingredient": {
                            "tag": "rotting_blossom:full_helmet"
                        }
                    }
                }
            ]
        },
        "type": "origins:modify_damage_taken",
        "modifier": {
            "operation": "multiply_total_multiplicative",
            "value": -0.15,
            "name": "Moon"
        }
    },
    "sun": {
        "condition": {
            "type": "origins:and",
            "conditions": [
                {
                    "type": "origins:exposed_to_sun"
                },
                {
                    "inverted": true,
                    "type": "origins:equipped_item",
                    "equipment_slot": "head",
                    "item_condition": {
                        "type": "origins:ingredient",
                        "ingredient": {
                            "tag": "rotting_blossom:full_helmet"
                        }
                    }
                }
            ]
        },
        "type": "origins:stacking_status_effect",
        "min_stacks": 0,
        "max_stacks": 10,
        "duration_per_stack": 20,
        "tick_rate": 20,
        "effect": {
            "effect": "hunger",
            "duration": 100,
            "amplifier": 0,
            "show_particles": true,
            "show_icon": true
        }
    }
}