{
    "name": "Thirsty Thorns",
    "description": "[Primary Ability Key]\nActivate to parry the incoming damage from an attacker, then §l§4TEAR THEM DOWN",
    "type": "origins:multiple",
    "time": {
        "type": "origins:resource",
        "min": 0,
        "max": 150,
        "start_value": 0,
        "hud_render": {
            "should_render": true,
            "sprite_location": "origins:textures/gui/community/spiderkolo/resource_bar_02.png",
            "bar_index": 0,
            "inverted": true
        },
        "max_action": {
            "type": "origins:and",
            "actions": [
                {
                    "type": "origins:set_resource",
                    "resource": "rotting_blossom:parry_iframe",
                    "value": 0
                },
                {
                    "type": "origins:delay",
                    "action": {
                        "type": "origins:if_else",
                        "condition": {
                            "type": "origins:resource",
                            "resource": "rotting_blossom:parry_state",
                            "comparison": "==",
                            "compare_to": 0
                        },
                        "if_action": {
                            "type": "origins:apply_effect",
                            "effects": [
                                {
                                    "effect": "slowness",
                                    "duration": 100,
                                    "amplifier": 1,
                                    "is_ambient": true,
                                    "show_particles": false,
                                    "show_icon": false
                                },
                                {
                                    "effect": "weakness",
                                    "duration": 100,
                                    "amplifier": 1,
                                    "is_ambient": true,
                                    "show_particles": false,
                                    "show_icon": false
                                }
                            ]
                        },
                        "else_action": {
                            "type": "origins:nothing"
                        }
                    },
                    "ticks": 1
                }
            ]
        }
    },
    "iframe": {
        "type": "origins:resource",
        "min": 0,
        "max": 1,
        "start_value": 0
    },
    "state": {
        "type": "origins:resource",
        "min": 0,
        "max": 1,
        "start_value": 0,
        "max_action": {
            "type": "origins:set_resource",
            "resource": "rotting_blossom:parry_time",
            "value": 150
        }
    },
    "tick_up": {
        "condition": {
            "type": "origins:resource",
            "resource": "rotting_blossom:parry_iframe",
            "comparison": "==",
            "compare_to": 1
        },
        "type": "origins:action_over_time",
        "interval": 1,
        "entity_action": {
            "type": "origins:change_resource",
            "resource": "rotting_blossom:parry_time",
            "change": 5,
            "operation": "add"
        }
    },
    "trigger": {
        "condition": {
            "type": "origins:and",
            "conditions": [
                {
                    "type": "origins:resource",
                    "resource": "rotting_blossom:parry_time",
                    "comparison": "==",
                    "compare_to": 0
                },
                {
                    "type": "origins:resource",
                    "resource": "rotting_blossom:parry_iframe",
                    "comparison": "==",
                    "compare_to": 0
                },
                {
                    "type": "origins:resource",
                    "resource": "rotting_blossom:parry_state",
                    "comparison": "==",
                    "compare_to": 0
                },
                {
                    "type": "origins:resource",
                    "resource": "rotting_blossom:the_hunt_state",
                    "comparison": "!=",
                    "compare_to": 1
                }
            ]
        },
        "type": "origins:active_self",
        "entity_action": {
            "type": "origins:and",
            "actions": [
                {
                    "type": "origins:set_resource",
                    "resource": "rotting_blossom:parry_iframe",
                    "value": 1
                },
                {
                    "type": "origins:set_resource",
                    "resource": "rotting_blossom:parry_last_state",
                    "value": 0
                },
                {
                    "type": "origins:set_resource",
                    "resource": "rotting_blossom:parry_effects_time",
                    "value": 0
                },
                {
                    "type": "origins:execute_command",
                    "command": "execute at @s run playsound minecraft:bloom_blooming player @a ~ ~ ~ 0.2 1.5"
                }
            ]
        },
        "cooldown": 20,
        "key": {
            "key": "key.origins.primary_active"
        }
    },
    "tick_down": {
        "condition": {
            "type": "origins:and",
            "conditions": [
                {
                    "type": "origins:resource",
                    "resource": "rotting_blossom:parry_iframe",
                    "comparison": "==",
                    "compare_to": 0
                },
                {
                    "type": "origins:resource",
                    "resource": "rotting_blossom:parry_state",
                    "comparison": "==",
                    "compare_to": 0
                },
                {
                    "type": "origins:resource",
                    "resource": "rotting_blossom:parry_last_state",
                    "comparison": "==",
                    "compare_to": 0
                }
            ]
        },
        "type": "origins:action_over_time",
        "interval": 10,
        "entity_action": {
            "type": "origins:change_resource",
            "resource": "rotting_blossom:parry_time",
            "change": -3,
            "operation": "add"
        }
    },
    "tick_down_success": {
        "condition": {
            "type": "origins:and",
            "conditions": [
                {
                    "type": "origins:resource",
                    "resource": "rotting_blossom:parry_iframe",
                    "comparison": "==",
                    "compare_to": 0
                },
                {
                    "type": "origins:resource",
                    "resource": "rotting_blossom:parry_state",
                    "comparison": "==",
                    "compare_to": 0
                },
                {
                    "type": "origins:resource",
                    "resource": "rotting_blossom:parry_last_state",
                    "comparison": "==",
                    "compare_to": 1
                }
            ]
        },
        "type": "origins:action_over_time",
        "interval": 4,
        "entity_action": {
            "type": "origins:change_resource",
            "resource": "rotting_blossom:parry_time",
            "change": -3,
            "operation": "add"
        }
    },
    "success": {
        "condition": {
            "type": "origins:resource",
            "resource": "rotting_blossom:parry_iframe",
            "comparison": "==",
            "compare_to": 1
        },
        "type": "origins:self_action_when_hit",
        "damage_condition": {
            "type": "origins:attacker",
            "entity_condition": {
                "type": "origins:and",
                "conditions": [
                    {
                        "type": "origins:living"
                    },
                    {
                        "inverted": true,
                        "type": "origins:resource",
                        "resource": "rotting_blossom:parry_iframe",
                        "comparison": "==",
                        "compare_to": 1
                    }
                ]
            }
        },
        "entity_action": {
            "type": "origins:and",
            "actions": [
                {
                    "type": "origins:set_resource",
                    "resource": "rotting_blossom:parry_iframe",
                    "value": 0
                },
                {
                    "type": "origins:set_resource",
                    "resource": "rotting_blossom:parry_state",
                    "value": 1
                },
                {
                    "type": "origins:set_resource",
                    "resource": "rotting_blossom:parry_last_state",
                    "value": 1
                },
                {
                    "type": "origins:execute_command",
                    "command": "execute at @s run playsound minecraft:bloom_parry player @a ~ ~ ~ 0.8 1"
                },
                {
                    "type": "origins:execute_command",
                    "command": "execute at @s run playsound minecraft:bloom_scream player @a ~ ~ ~ 2 1"
                }
            ]
        },
        "cooldown": 1
    },
    "effects_time": {
        "type": "origins:resource",
        "min": 0,
        "max": 200,
        "start_value": 0,
        "max_action": {
            "type": "origins:and",
            "actions": [
                {
                    "type": "origins:set_resource",
                    "resource": "rotting_blossom:parry_state",
                    "value": 0
                },
                {
                    "type": "origins:set_resource",
                    "resource": "rotting_blossom:parry_effects_time",
                    "value": 0
                }
            ]
        }
    },
    "effects_tick_down": {
        "condition": {
            "type": "origins:resource",
            "resource": "rotting_blossom:parry_state",
            "comparison": "==",
            "compare_to": 1
        },
        "type": "origins:action_over_time",
        "interval": 1,
        "entity_action": {
            "type": "origins:change_resource",
            "resource": "rotting_blossom:parry_effects_time",
            "change": 1,
            "operation": "add"
        }
    },
    "last_state": {
        "type": "origins:resource",
        "min": 0,
        "max": 1,
        "start_value": 0
    },
    "damage_modifier": {
        "condition": {
            "type": "origins:resource",
            "resource": "rotting_blossom:parry_iframe",
            "comparison": "==",
            "compare_to": 1
        },
        "type": "origins:modify_damage_taken",
        "damage_condition": {
            "type": "origins:attacker",
            "entity_condition": {
                "type": "origins:and",
                "conditions": [
                    {
                        "type": "origins:living"
                    },
                    {
                        "inverted": true,
                        "type": "origins:resource",
                        "resource": "rotting_blossom:parry_iframe",
                        "comparison": "==",
                        "compare_to": 1
                    }
                ]
            }
        },
        "modifier": {
            "operation": "multiply_total_multiplicative",
            "value": -0.999999,
            "name": "Parry"
        }
    },
    "iframe_slow": {
        "condition": {
            "type": "origins:resource",
            "resource": "rotting_blossom:parry_iframe",
            "comparison": "==",
            "compare_to": 1
        },
        "type": "origins:modify_attribute",
        "attribute": "minecraft:generic.movement_speed",
        "modifier": {
            "operation": "multiply_total_multiplicative",
            "value": -1,
            "name": "Parry"
        }
    },
    "iframe_no_attack": {
        "condition": {
            "type": "origins:resource",
            "resource": "rotting_blossom:parry_iframe",
            "comparison": "==",
            "compare_to": 1
        },
        "type": "origins:modify_attribute",
        "attribute": "minecraft:generic.attack_damage",
        "modifier": {
            "operation": "multiply_total_multiplicative",
            "value": -1,
            "name": "Parry"
        }
    },
    "iframe_no_jump": {
        "condition": {
            "type": "origins:resource",
            "resource": "rotting_blossom:parry_iframe",
            "comparison": "==",
            "compare_to": 1
        },
        "type": "origins:modify_jump",
        "modifier": {
            "operation": "multiply_total_multiplicative",
            "value": -1,
            "name": "Parry"
        }
    },
    "iframe_no_item": {
        "condition": {
            "type": "origins:resource",
            "resource": "rotting_blossom:parry_iframe",
            "comparison": "==",
            "compare_to": 1
        },
        "type": "origins:prevent_item_use"
    },
    "iframe_no_interaction": {
        "condition": {
            "type": "origins:resource",
            "resource": "rotting_blossom:parry_iframe",
            "comparison": "==",
            "compare_to": 1
        },
        "type": "origins:prevent_block_use"
    },
    "iframe_no_entity_use": {
        "condition": {
            "type": "origins:resource",
            "resource": "rotting_blossom:parry_iframe",
            "comparison": "==",
            "compare_to": 1
        },
        "type": "origins:prevent_entity_use"
    },
    "iframe_no_flight": {
        "condition": {
            "type": "origins:resource",
            "resource": "rotting_blossom:parry_iframe",
            "comparison": "==",
            "compare_to": 1
        },
        "type": "origins:prevent_elytra_flight"
    },
    "effects": {
        "condition": {
            "type": "origins:resource",
            "resource": "rotting_blossom:parry_state",
            "comparison": "==",
            "compare_to": 1
        },
        "type": "origins:action_over_time",
        "interval": 1,
        "entity_action": {
            "type": "origins:apply_effect",
            "effects": [
                {
                    "effect": "strength",
                    "duration": 2,
                    "amplifier": 2,
                    "is_ambient": true,
                    "show_particles": false,
                    "show_icon": false
                },
                {
                    "effect": "speed",
                    "duration": 2,
                    "amplifier": 2,
                    "is_ambient": true,
                    "show_particles": false,
                    "show_icon": false
                },
                {
                    "effect": "resistance",
                    "duration": 2,
                    "amplifier": 2,
                    "is_ambient": true,
                    "show_particles": false,
                    "show_icon": false
                }
            ]
        }
    },
    "parry_kb": {
        "condition": {
            "type": "origins:or",
            "conditions": [
                {
                    "type": "origins:resource",
                    "resource": "rotting_blossom:parry_state",
                    "comparison": "==",
                    "compare_to": 1
                },
                {
                    "type": "origins:resource",
                    "resource": "rotting_blossom:parry_iframe",
                    "comparison": "==",
                    "compare_to": 1
                }
            ]
        },
        "type": "origins:modify_attribute",
        "attribute": "minecraft:generic.knockback_resistance",
        "modifier": {
            "operation": "addition",
            "value": 1,
            "name": "Parry"
        }
    },
    "crit": {
        "condition": {
            "type": "origins:resource",
            "resource": "rotting_blossom:parry_state",
            "comparison": "==",
            "compare_to": 1
        },
        "type": "origins:self_action_on_hit",
        "damage_condition": {
            "type": "origins:name",
            "name": "player"
        },
        "entity_action": {
            "type": "origins:set_resource",
            "resource": "rotting_blossom:parry_state",
            "value": 0
        }
    },
    "iframe_overlay": {
        "condition": {
            "type": "origins:resource",
            "resource": "rotting_blossom:parry_iframe",
            "comparison": "==",
            "compare_to": 1
        },
        "type": "origins:overlay",
        "texture": "textures/block/redstone_block.png",
        "strength": 0.1,
        "red": 1,
        "green": 1,
        "blue": 1,
        "draw_mode": "texture",
        "draw_phase": "below_hud",
        "hide_with_hud": false,
        "visible_in_third_person": false
    },
    "glow": {
        "condition": {
            "type": "origins:or",
            "conditions": [
                {
                    "type": "origins:resource",
                    "resource": "rotting_blossom:parry_iframe",
                    "comparison": "==",
                    "compare_to": 1
                },
                {
                    "type": "origins:resource",
                    "resource": "rotting_blossom:parry_state",
                    "comparison": "==",
                    "compare_to": 1
                }
            ]
        },
        "type": "origins:self_glow",
        "bientity_condition": {
            "type": "origins:can_see"
        },
        "use_teams": false,
        "red": 1,
        "green": 0,
        "blue": 0
    },
    "state_overlay": {
        "condition": {
            "type": "origins:resource",
            "resource": "rotting_blossom:parry_state",
            "comparison": "==",
            "compare_to": 1
        },
        "type": "origins:overlay",
        "texture": "textures/block/redstone_block.png",
        "strength": 0.3,
        "red": 1,
        "green": 1,
        "blue": 1,
        "draw_mode": "texture",
        "draw_phase": "above_hud",
        "hide_with_hud": false,
        "visible_in_third_person": false
    },
    "state_heartbeat": {
        "condition": {
            "type": "origins:resource",
            "resource": "rotting_blossom:parry_state",
            "comparison": "==",
            "compare_to": 1
        },
        "type": "origins:action_over_time",
        "interval": 8,
        "entity_action": {
            "type": "origins:execute_command",
            "command": "execute at @s run playsound minecraft:bloom_heartbeat player @s ~ ~ ~ 1 1"
        }
    }
}