{
    "name": "Sanguine Will",
    "description": "[Passive]\nWhenever your max health is above 5 hearts, prevent death, loose half of your max health and get healed to full health",
    "type": "origins:multiple",
    "cd": {
        "type": "origins:resource",
        "min": 0,
        "max": 6000,
        "start_value": 0,
        "hud_render": {
            "should_render": true,
            "sprite_location": "origins:textures/gui/community/spiderkolo/resource_bar_02.png",
            "bar_index": 14,
            "condition": {
                "type": "origins:resource",
                "resource": "rotting_blossom:growth_stage",
                "comparison": ">=",
                "compare_to": 6
            },
            "inverted": true
        }
    },
    "prevent": {
        "condition": {
            "type": "origins:and",
            "conditions": [
                {
                    "type": "origins:resource",
                    "resource": "rotting_blossom:growth_stage",
                    "comparison": ">=",
                    "compare_to": 6
                },
                {
                    "type": "origins:resource",
                    "resource": "rotting_blossom:regress_cd",
                    "comparison": "==",
                    "compare_to": 0
                }
            ]
        },
        "type": "origins:prevent_death",
        "entity_action": {
            "type": "origins:and",
            "actions": [
                {
                    "type": "origins:modify_resource",
                    "resource": "rotting_blossom:growth_stage",
                    "modifier": {
                        "operation": "multiply_total",
                        "value": -0.5,
                        "name": "Revival"
                    }
                },
                {
                    "type": "origins:modify_resource",
                    "resource": "rotting_blossom:growth_stage",
                    "modifier": {
                        "operation": "addition",
                        "value": -1,
                        "name": "Revival"
                    }
                },
                {
                    "type": "origins:delay",
                    "action": {
                        "type": "origins:heal",
                        "amount": 80
                    },
                    "ticks": 1
                },
                {
                    "type": "origins:set_resource",
                    "resource": "rotting_blossom:regress_cd",
                    "value": 6000
                },
                {
                    "type": "origins:execute_command",
                    "command": "execute at @s run playsound minecraft:bloom_regress player @a ~ ~ ~ 1 1"
                },
                {
                    "type": "origins:execute_command",
                    "command": "execute at @s run particle minecraft:dust 1 0 0 3 ~ ~1 ~ 0.5 1 0.5 0 50 normal"
                }
            ]
        }
    },
    "tick_down": {
        "type": "origins:action_over_time",
        "interval": 1,
        "entity_action": {
            "type": "origins:change_resource",
            "resource": "rotting_blossom:regress_cd",
            "change": -1,
            "operation": "add"
        }
    }
}