{
    "name": "Fresh Nutrition",
    "description": "[Passive]\nYou can't eat normal food. When not holding anything in hands, attacking fills your hunger",
    "type": "origins:multiple",
    "abnormal": {
        "type": "origins:prevent_item_use",
        "item_condition": {
            "type": "origins:food"
        }
    },
    "abnormal_cake": {
        "type": "origins:prevent_block_use",
        "block_condition": {
            "type": "origins:block",
            "block": "minecraft:cake"
        }
    },
    "hit": {
        "condition": {
            "type": "origins:equipped_item",
            "equipment_slot": "mainhand",
            "item_condition": {
                "type": "origins:ingredient",
                "ingredient": {
                    "item": "air"
                }
            }
        },
        "type": "origins:self_action_on_hit",
        "damage_condition": {
            "type": "origins:name",
            "name": "player"
        },
        "target_condition": {
            "type": "origins:living"
        },
        "entity_action": {
            "type": "origins:if_else",
            "condition": {
                "type": "origins:food_level",
                "comparison": "<",
                "compare_to": 20
            },
            "if_action": {
                "type": "origins:feed",
                "food": 1,
                "saturation": 0
            },
            "else_action": {
                "type": "origins:feed",
                "food": 1,
                "saturation": 1
            }
        }
    },
    "kill": {
        "type": "origins:self_action_on_kill",
        "damage_condition": {
            "type": "origins:name",
            "name": "player"
        },
        "target_condition": {
            "type": "origins:living"
        },
        "entity_action": {
            "type": "origins:feed",
            "food": 6,
            "saturation": 4
        },
        "cooldown": 1
    }
}