{
    "hidden": true,
    "type": "origins:multiple",
    "removal": {
        "type": "origins:action_over_time",
        "interval": 1,
        "entity_action": {
            "type": "origins:change_resource",
            "resource": "rotting_blossom:the_hunt_victim_time",
            "change": -1,
            "operation": "add"
        }
    },
    "time": {
        "type": "origins:resource",
        "min": 0,
        "max": 4,
        "start_value": 4,
        "min_action": {
            "type": "origins:and",
            "actions": [
                {
                    "type": "origins:revoke_power",
                    "power": "rotting_blossom:the_hunt_victim",
                    "source": "rotting_blossom"
                },
                {
                    "type": "origins:clear_effect",
                    "effect": "slowness"
                },
                {
                    "type": "origins:clear_effect",
                    "effect": "blindness"
                }
            ]
        }
    },
    "red": {
        "type": "origins:overlay",
        "texture": "textures/block/red_wool.png",
        "strength": 0.4,
        "red": 1,
        "green": 1,
        "blue": 1,
        "draw_mode": "texture",
        "draw_phase": "below_hud",
        "hide_with_hud": false,
        "visible_in_third_person": false
    },
    "damage_bloom": {
        "type": "origins:modify_damage_taken",
        "damage_condition": {
            "type": "origins:and",
            "conditions": [
                {
                    "type": "origins:attacker",
                    "entity_condition": {
                        "type": "origins:resource",
                        "resource": "rotting_blossom:the_hunt_state",
                        "comparison": "==",
                        "compare_to": 1
                    }
                },
                {
                    "type": "origins:name",
                    "name": "player"
                }
            ]
        },
        "modifier": {
            "operation": "multiply_total_multiplicative",
            "value": 1,
            "name": "Hunted"
        }
    },
    "damage_not_bloom": {
        "type": "origins:modify_damage_taken",
        "damage_condition": {
            "inverted": true,
            "type": "origins:and",
            "conditions": [
                {
                    "type": "origins:attacker",
                    "entity_condition": {
                        "type": "origins:resource",
                        "resource": "rotting_blossom:the_hunt_state",
                        "comparison": "==",
                        "compare_to": 1
                    }
                },
                {
                    "type": "origins:name",
                    "name": "player"
                }
            ]
        },
        "modifier": {
            "operation": "multiply_total_multiplicative",
            "value": -0.5,
            "name": "Hunted"
        }
    },
    "effects": {
        "type": "origins:action_over_time",
        "interval": 1,
        "entity_action": {
            "type": "origins:apply_effect",
            "effects": [
                {
                    "effect": "blindness",
                    "duration": 100,
                    "amplifier": 0,
                    "is_ambient": true,
                    "show_particles": false,
                    "show_icon": false
                },
                {
                    "effect": "slowness",
                    "duration": 100,
                    "amplifier": 1,
                    "is_ambient": true,
                    "show_particles": false,
                    "show_icon": false
                }
            ]
        }
    }
}