{
    "name": "Thrill of The Hunt",
    "description": "[Secondary Ability Key]\n§5§lHow wild...?§r\nSummons a blinding cloud of blood at the cost of your hunger.",
    "type": "origins:multiple",
    "activator": {
        "condition": {
            "type": "origins:and",
            "conditions": [
                {
                    "type": "origins:resource",
                    "resource": "rotting_blossom:the_hunt_state",
                    "comparison": "!=",
                    "compare_to": 1
                },
                {
                    "type": "origins:resource",
                    "resource": "rotting_blossom:the_hunt_time",
                    "comparison": "==",
                    "compare_to": 1800
                },
                {
                    "type": "origins:resource",
                    "resource": "rotting_blossom:parry_iframe",
                    "comparison": "!=",
                    "compare_to": 1
                },
                {
                    "type": "origins:resource",
                    "resource": "rotting_blossom:parry_state",
                    "comparison": "!=",
                    "compare_to": 1
                },
                {
                    "type": "origins:food_level",
                    "comparison": ">=",
                    "compare_to": 10
                }
            ]
        },
        "type": "origins:active_self",
        "entity_action": {
            "type": "origins:and",
            "actions": [
                {
                    "type": "origins:exhaust",
                    "amount": 12
                },
                {
                    "type": "origins:set_resource",
                    "resource": "rotting_blossom:the_hunt_state",
                    "value": 1
                },
                {
                    "type": "origins:execute_command",
                    "command": "execute at @s run playsound minecraft:bloom_hunt player @a ~ ~ ~ 2 1"
                }
            ]
        },
        "cooldown": 10,
        "key": {
            "key": "key.origins.secondary_active"
        }
    },
    "time": {
        "type": "origins:resource",
        "min": 0,
        "max": 1800,
        "start_value": 1800,
        "hud_render": {
            "should_render": true,
            "sprite_location": "origins:textures/gui/community/spiderkolo/resource_bar_03.png",
            "bar_index": 22
        },
        "min_action": {
            "type": "origins:set_resource",
            "resource": "rotting_blossom:the_hunt_state",
            "value": 0
        }
    },
    "state": {
        "type": "origins:resource",
        "min": 0,
        "max": 1,
        "start_value": 0,
        "min_action": {
            "type": "origins:execute_command",
            "command": "team leave @s"
        },
        "max_action": {
            "type": "origins:and",
            "actions": [
                {
                    "type": "origins:execute_command",
                    "command": "team add RottingBlossomHunt"
                },
                {
                    "type": "origins:execute_command",
                    "command": "team modify RottingBlossomHunt nametagVisibility never"
                },
                {
                    "type": "origins:execute_command",
                    "command": "team join RottingBlossomHunt @s"
                }
            ]
        }
    },
    "cooldown": {
        "condition": {
            "type": "origins:resource",
            "resource": "rotting_blossom:the_hunt_state",
            "comparison": "!=",
            "compare_to": 1
        },
        "type": "origins:action_over_time",
        "interval": 1,
        "entity_action": {
            "type": "origins:change_resource",
            "resource": "rotting_blossom:the_hunt_time",
            "change": 1,
            "operation": "add"
        }
    },
    "tick_down": {
        "condition": {
            "type": "origins:resource",
            "resource": "rotting_blossom:the_hunt_state",
            "comparison": "==",
            "compare_to": 1
        },
        "type": "origins:action_over_time",
        "interval": 1,
        "entity_action": {
            "type": "origins:change_resource",
            "resource": "rotting_blossom:the_hunt_time",
            "change": -6,
            "operation": "add"
        }
    },
    "semiinvis": {
        "condition": {
            "type": "origins:resource",
            "resource": "rotting_blossom:the_hunt_state",
            "comparison": "==",
            "compare_to": 1
        },
        "type": "origins:model_color",
        "red": 1,
        "green": 0,
        "blue": 0,
        "alpha": 0.15
    },
    "effects": {
        "condition": {
            "type": "origins:resource",
            "resource": "rotting_blossom:the_hunt_state",
            "comparison": "==",
            "compare_to": 1
        },
        "type": "origins:action_over_time",
        "interval": 1,
        "entity_action": {
            "type": "origins:apply_effect",
            "effect": {
                "effect": "speed",
                "duration": 2,
                "amplifier": 0,
                "is_ambient": true,
                "show_particles": false,
                "show_icon": false
            }
        }
    },
    "hit": {
        "condition": {
            "type": "origins:resource",
            "resource": "rotting_blossom:the_hunt_state",
            "comparison": "==",
            "compare_to": 1
        },
        "type": "origins:self_action_on_hit",
        "target_condition": {
            "type": "origins:living"
        },
        "entity_action": {
            "type": "origins:set_resource",
            "resource": "rotting_blossom:the_hunt_time",
            "value": 0
        }
    },
    "power_renew": {
        "condition": {
            "type": "origins:resource",
            "resource": "rotting_blossom:the_hunt_state",
            "comparison": "==",
            "compare_to": 1
        },
        "type": "origins:action_over_time",
        "interval": 1,
        "entity_action": {
            "type": "origins:area_of_effect",
            "radius": 25,
            "bientity_action": {
                "type": "origins:target_action",
                "action": {
                    "type": "origins:set_resource",
                    "resource": "rotting_blossom:the_hunt_victim_time",
                    "value": 4
                }
            }
        }
    },
    "power_infliction": {
        "condition": {
            "type": "origins:resource",
            "resource": "rotting_blossom:the_hunt_state",
            "comparison": "==",
            "compare_to": 1
        },
        "type": "origins:action_over_time",
        "interval": 1,
        "entity_action": {
            "type": "origins:area_of_effect",
            "radius": 25,
            "bientity_action": {
                "type": "origins:target_action",
                "action": {
                    "type": "origins:grant_power",
                    "power": "rotting_blossom:the_hunt_victim",
                    "source": "rotting_blossom"
                }
            }
        }
    },
    "vision": {
        "condition": {
            "type": "origins:resource",
            "resource": "rotting_blossom:the_hunt_state",
            "comparison": "==",
            "compare_to": 1
        },
        "type": "origins:entity_glow",
        "entity_condition": {
            "type": "origins:resource",
            "resource": "rotting_blossom:the_hunt_victim_time",
            "comparison": ">",
            "compare_to": 0
        },
        "use_teams": false,
        "red": 1,
        "green": 0,
        "blue": 0
    }
}