{
    "name": "Water Is Your Foe",
    "description": "[Passive]\nRain very slowly washes away your blood. Trying to dive underwater will push you back up.",
    "type": "origins:multiple",
    "wash": {
        "condition": {
            "type": "origins:and",
            "conditions": [
                {
                    "type": "origins:or",
                    "conditions": [
                        {
                            "type": "origins:in_rain"
                        },
                        {
                            "type": "origins:fluid_height",
                            "fluid": "minecraft:water",
                            "comparison": "!=",
                            "compare_to": 0
                        }
                    ]
                },
                {
                    "type": "origins:resource",
                    "resource": "rotting_blossom:blood_level_resource",
                    "comparison": "!=",
                    "compare_to": 0
                }
            ]
        },
        "type": "origins:action_over_time",
        "interval": 20,
        "entity_action": {
            "type": "origins:change_resource",
            "resource": "rotting_blossom:blood_level_resource",
            "change": -1,
            "operation": "add"
        }
    },
    "wash_hard": {
        "condition": {
            "type": "origins:and",
            "conditions": [
                {
                    "type": "origins:or",
                    "conditions": [
                        {
                            "type": "origins:in_rain"
                        },
                        {
                            "type": "origins:fluid_height",
                            "fluid": "minecraft:water",
                            "comparison": "!=",
                            "compare_to": 0
                        }
                    ]
                },
                {
                    "type": "origins:resource",
                    "resource": "rotting_blossom:blood_level_resource",
                    "comparison": "==",
                    "compare_to": 0
                },
                {
                    "type": "origins:resource",
                    "resource": "rotting_blossom:growth_stage",
                    "comparison": "!=",
                    "compare_to": 0
                }
            ]
        },
        "type": "origins:action_over_time",
        "interval": 20,
        "entity_action": {
            "type": "origins:and",
            "actions": [
                {
                    "type": "origins:set_resource",
                    "resource": "rotting_blossom:blood_level_resource",
                    "value": 39
                },
                {
                    "type": "origins:change_resource",
                    "resource": "rotting_blossom:growth_stage",
                    "change": -1,
                    "operation": "add"
                }
            ]
        }
    },
    "float": {
        "condition": {
            "type": "origins:submerged_in",
            "fluid": "minecraft:water"
        },
        "type": "origins:action_over_time",
        "interval": 1,
        "entity_action": {
            "type": "origins:add_velocity",
            "y": 0.2,
            "space": "world",
            "client": true,
            "server": true
        }
    }
}